diaObjectId,ra,decl,BBBRiseRate,BBBFallRate,nSourcesGood,classification
170019695992242795,52.82385,-29.691601,2.9886,0.00907793,6,SN
170019696416391237,63.83938,-48.811246,6.72203,0.0657689,180,SN
170019716272750703,149.86024,1.030540,0.746504,0.00575578,14,SN
170019716347723894,150.73863,3.353263,1.12944,0.0166717,117,SN
170019717277810735,151.74028,1.927048,1.30602,0.021742,649,SN
170028486094749710,57.48290,-49.573083,12.7866,0.0203874,62,SN
170028486602784874,59.42044,-49.714955,0.503641,0.0236408,239,SN
170028493421150456,63.73876,-49.589427,0.590635,0.0194864,20,SN
170028512490553411,149.13099,3.610218,0.660564,0.012594,440,ORPHAN
170028526485897242,186.16644,7.070593,1.28081,0.00995164,421,SN
170028526600716341,186.15066,8.140832,1.35825,0.00863802,382,SN
170028527045836844,186.29227,6.880426,0.562689,0.0000439091,224,SN
170028527876833332,188.08229,7.082889,1.33158,0.00620799,133,SN
170028528880844842,185.81206,7.088741,0.475402,0.000368275,11,SN
170028529047044154,187.22010,8.286834,1.44698,0.0183412,10,SN
170028529068540016,187.53498,7.927382,3.42373,0.228069,74,SN
170032918138191891,187.44704,8.003913,10.6454,0.0689696,8,SN
170032924937682969,186.29426,6.565361,4.46726,0.0623838,6,SN
170050474601349124,62.10102,-47.893803,2.93931,0.390613,143,SN
313637935731703843,60.93765,-49.474168,0.188558,0.224115,12,SN
313664314432028764,57.13708,-50.220136,0.108895,0.0549612,14,SN
313673106918473748,9.96953,-44.464840,0.119726,0.00814263,6,AGN
313673106939969537,9.93458,-43.158861,0.0836997,0.0196771,42,VS
313677517025181712,51.57008,-29.051012,0.0000202962,0.0568442,12,VS
313677517058736163,53.68075,-29.064676,0.998295,0.0377646,19,VS
313677517072367680,52.51311,-27.492309,0.214666,0.201293,15,SN
313695087506227233,9.83916,-43.889699,0.104845,0.0897361,98,AGN
313695087507275824,9.65727,-43.413036,0.304002,0.0919697,10,VS
313695087518285923,8.48873,-44.650270,0.0840882,0.0725738,7,VS
313695087536111643,8.35124,-43.980265,0.284499,0.248496,6,AGN
313695087600074760,11.87111,-43.863891,0.0870142,0.0139001,21,AGN
313695088811704431,53.56897,-27.117201,0.355563,0.368725,7,VS
313695088817995785,54.41331,-27.477068,0.0512092,0.0409154,49,SN
313695088945399190,53.28361,-26.374149,0.448473,0.4264,9,VS
313699505026367504,8.55742,-43.433470,1.1587,1.16509,13,AGN
313699505026891819,8.19084,-43.248168,0.0915594,0.0653229,11,AGN
313699505063591947,10.27275,-42.429200,0.0591932,0.036936,16,VS
313699505066737694,9.27687,-42.312064,0.0631572,0.0338499,40,AGN
313699507075285063,61.51642,-47.797462,0.640148,0.0087105,11,VS
313699514821640259,51.62055,-28.114118,0.103418,0.00967856,116,SN
313703905112883230,61.96266,-48.831815,0.114272,0.0842799,92,SN
313708289051328625,59.46464,-48.141615,0.291629,0.0557459,38,SN
313708289073348625,57.96477,-47.804562,0.190843,0.0993916,14,SN
313721465574785120,7.18875,-45.055999,0.0786143,0.0525995,10,VS
313721465969573985,10.10845,-44.367319,1.0624,0.00572754,15,AGN
313721466431995933,10.40479,-42.789252,0.113464,0.0284439,8,VS
313730259786137646,9.84444,-45.836009,0.0740496,0.0416118,9,AGN
313730260217626638,11.75818,-43.553917,0.275888,0.265846,10,VS
313756671414894622,52.51436,-28.595893,0.0725645,0.0138138,73,NT
313756671722127979,59.66149,-47.722283,0.0674345,0.0235327,23,SN
313761042379309091,61.66059,-48.754357,1.14182,1.12708,7,UNCLEAR
313761042402377778,60.97541,-47.671494,0.164351,0.147075,24,ORPHAN
313765480514977875,62.32691,-48.644065,0.241655,0.0767865,33,SN
313765480559017992,58.34341,-50.268497,0.131717,0.0228372,77,SN
313778632687353857,7.70367,-45.521269,0.116983,0.000794825,6,VS
313783031917183090,61.76148,-48.350331,0.349227,0.046204,68,SN
313783032611340344,56.25792,-49.790049,0.102345,0.0770909,22,ORPHAN
313831458465644575,64.13176,-48.594238,0.0656758,0.0109052,243,SN
313831458505490481,61.44503,-47.751740,0.172052,0.0741013,62,SN
313831458536947728,62.99346,-46.392993,0.231829,0.0500718,39,SN
313835836426682441,63.14840,-47.167332,0.293599,0.0213779,434,ORPHAN
313853497287639046,60.24345,-48.365555,0.566769,0.0272908,70,SN
313853497291309068,61.06143,-49.135652,0.312141,0.032068,153,SN
313853497321193628,59.78538,-50.167529,11.9866,0.015852,121,SN
313853497540870166,64.64247,-47.716483,0.460944,0.0358369,35,SN
313853501244440622,56.48426,-49.331326,0.163992,0.0290656,10,SN
313853501446815761,64.28414,-46.529288,0.226284,0.0380902,254,SN
313853517427113991,150.94134,2.854721,0.0000000356326,0.0355648,28,SN
313853517466435617,149.34547,1.305077,0.00000107185,0.0227066,104,SN
313853517466435621,149.26145,1.291224,0.370871,0.0336012,543,SN
313853517469057071,149.86815,1.449257,5.72168,0.0350574,33,SN
313853517475348486,150.54762,1.240007,0.00000197073,0.0288393,105,SN
313853517488979988,149.58019,0.606369,0.0700406,0.0430496,53,SN
313853517668810773,149.74857,3.701663,0.425971,0.00964781,1018,SN
313853533014196328,149.59587,1.956122,0.1,0.01,6,NT
313862198378102807,10.01388,-44.398555,0.580488,0.00894894,7,VS
313862199540973790,61.93890,-49.879779,0.132121,0.0539744,7,SN
313862199843487849,63.80821,-49.320339,0.274426,0.233216,15,UNCLEAR
313862204793815182,63.62600,-48.981943,0.304345,0.0407014,26,SN
313871013095931960,148.83299,0.891600,10.4952,0.0151435,12,SN
313871013171953667,151.20010,2.075031,0.237003,0.0289833,111,SN
313871013635948560,62.07596,-48.957207,0.0358189,0.0111676,31,SN
313871013794283597,64.52905,-46.903947,0.153289,0.0232161,55,SN
313871013802672296,63.41454,-47.215332,0.0230572,0.0231379,281,SN
313871014435488133,58.60929,-50.339888,0.192785,0.0339912,51,SN
313875415099768848,151.24455,1.875411,1.19868,0.0164265,17,SN
313888627043598349,151.42035,3.319759,0.124464,0.0338508,51,SN
313893022930567256,60.72078,-50.075346,0.264432,0.0338777,166,SN
313897383689715822,58.09556,-48.951586,0.256365,0.0366843,47,SN
313897383728513927,56.60523,-48.862231,10.2701,0.0207762,20,SN
313897383783038984,62.43246,-48.755539,0.262903,0.0282634,63,SN
313928193953234970,54.64841,-27.699329,0.188811,0.0463232,77,SN
313928194151940140,58.23811,-50.092494,0.269626,0.0316076,147,SN
313928194157183045,57.37255,-49.321661,0.334613,0.0431944,54,ORPHAN
313928194187591742,57.52740,-48.028905,0.288815,0.0301785,59,ORPHAN
313928194288779300,61.64854,-48.223934,0.24463,0.037649,59,SN
313928194440822821,149.14659,2.421817,7.20317,0.0305149,83,SN
313928194477522960,151.40881,1.660923,0.210652,0.0327027,298,SN
313932595693879358,150.50076,3.688986,0.234873,0.242677,10,SN
313932595758366765,150.82152,1.053732,0.242124,0.0429901,143,SN
313936965428314117,62.58015,-49.641212,0.226397,0.028726,10,SN
313936965428314169,62.37713,-49.655915,0.596371,0.0297413,69,SN
313936975744204886,54.48043,-28.503371,0.0853502,0.00801473,19,SN
313941449016606803,61.60582,-47.946150,9.45393,0.0508607,14,UNCLEAR
313945770525982796,63.59252,-47.483357,0.364813,0.0250572,37,SN
313945770546430083,61.82481,-47.449687,0.49205,0.0242808,106,SN
313950161093525605,54.74876,-28.237288,0.187775,0.16035,32,SN
313963357429825638,61.86959,-48.281441,0.277767,0.0307464,47,SN
313963359364448306,57.59132,-49.905420,0.312009,0.0382209,29,SN
313963405211861086,149.23037,0.872917,0.309268,0.0311434,472,SN
313963406226882573,150.94901,1.972571,6.04649,0.013927,43,SN
313967766688235631,150.15153,1.336763,0.175641,0.000628309,23,SN
313967766785753197,151.12450,2.995598,0.151252,0.0190593,43,SN
313972155193229351,60.77804,-48.011278,1.05044,0.00728785,40,SN
313972183320756336,148.79534,3.032907,0.792359,0.0270141,6,VS
313972183385243723,149.50247,1.268537,3.19866,0.0244819,6,ORPHAN
313972183404642318,149.93876,0.852307,1.33005,0.0481343,6,ORPHAN
313980945119576112,59.67676,-48.521133,0.784402,0.0318039,279,SN
313994139493466175,51.40583,-28.234044,0.370906,0.00219671,21,ORPHAN
313998570452156453,151.08576,0.776457,0.0378348,0.0394886,11,SN
314003013747867732,150.69004,3.498246,0.0246406,0.0266832,30,SN